ts_code,name,sector,sub_sector,level,country,watch,trade_date,open,high,low,close,pre_close,change,pct_chg,vol,amount,amount_yi,turnover_rate,volume_ratio,pe,pe_ttm,pb,total_mv,total_mv_yi,circ_mv,circ_mv_yi,generated_at
688111.SH,金山办公,AI应用,办公,S,CN,1,20260812,261.5,265.33,258.91,260.48,261.4,-0.92,-0.352,76741.45,2008974.19,20.0897419,1.6539,0.55,65.8145,33.3073,7.9887,12086621.0432,1208.66210432,12086621.0432,1208.66210432,2026-08-12 16:50:32
002230.SZ,科大讯飞,AI应用,大模型,S,CN,1,20260812,42.88,43.23,42.47,42.59,42.88,-0.29,-0.6763,305878.15,1306350.19916,13.0635019916,1.3967,0.59,121.8795,118.5566,5.4265,10230458.0428,1023.04580428,9327069.1975,932.70691975,2026-08-12 16:50:32
601360.SH,三六零,AI应用,Agent,A,CN,1,20260812,9.68,9.75,9.51,9.58,9.67,-0.09,-0.9307,745151.01,716576.065,7.165760649999999,1.0646,0.6,254.9523,103.8907,2.2964,6705576.4682,670.55764682,6705576.4682,670.55764682,2026-08-12 16:50:32
600588.SH,用友网络,AI应用,企业软件,A,CN,1,20260812,11.94,12.05,11.73,11.77,11.92,-0.15,-1.2584,745538.09,882630.173,8.826301729999999,2.1819,0.6,,,5.8326,4021805.9398,402.18059397999997,4021805.9398,402.18059397999997,2026-08-12 16:50:32
603019.SH,中科曙光,AI服务器,服务器,S,CN,1,20260812,86.98,87.2,86.0,86.42,86.35,0.07,0.0811,268695.84,2323850.918,23.23850918,1.8365,0.56,58.0999,57.0161,5.6058,12644245.8794,1264.42458794,12643715.2606,1264.37152606,2026-08-12 16:50:32
000977.SZ,浪潮信息,AI服务器,服务器,S,CN,1,20260812,75.79,75.98,74.06,75.02,75.11,-0.09,-0.1198,538897.63,4037070.14763,40.3707014763,3.6739,0.66,45.6574,43.1162,4.9396,11016512.2034,1101.65122034,11004172.1636,1100.4172163599999,2026-08-12 16:50:32
601138.SH,工业富联,AI服务器,ODM,S,CN,1,20260812,66.46,66.77,64.51,65.6,66.01,-0.41,-0.6211,1301531.22,8539389.599,85.39389598999999,0.6559,0.65,36.8925,27.7489,7.4068,130177245.488,13017.7245488,130177245.488,13017.7245488,2026-08-12 16:50:32
000938.SZ,紫光股份,AI服务器,交换机,A,CN,1,20260812,37.53,37.95,36.51,37.0,37.39,-0.39,-1.0431,1944189.17,7199553.73956,71.9955373956,6.7977,0.63,62.7835,49.8017,6.8153,10582295.63,1058.229563,10582268.99,1058.226899,2026-08-12 16:50:32
300394.SZ,天孚通信,AI硬件,光模块,S,CN,1,20260812,224.01,248.5,221.99,240.05,222.49,17.56,7.8925,534736.9,12718552.0103,127.18552010299999,4.9131,0.91,129.8057,120.5661,43.789,26185256.5255,2618.52565255,26126756.3405,2612.67563405,2026-08-12 16:50:32
300570.SZ,太辰光,AI硬件,光模块,A,CN,1,20260812,140.48,154.98,139.5,149.76,140.45,9.31,6.6287,210570.69,3123430.95949,31.234309594899997,10.9562,0.85,113.7748,119.1933,19.2284,3401452.4544,340.14524544,2878279.3728,287.82793728,2026-08-12 16:50:32
600183.SH,生益科技,AI硬件,PCB,A,CN,1,20260812,136.95,145.55,135.64,143.23,135.3,7.93,5.861,764841.45,10743291.329,107.43291329,3.1713,0.96,104.3524,88.5608,19.406,34790619.9951,3479.06199951,34543479.4947,3454.34794947,2026-08-12 16:50:32
688498.SH,源杰科技,AI硬件,光模块,A,CN,1,20260812,1365.0,1469.0,1365.0,1429.0,1351.0,78.0,5.7735,51044.3,7284964.34,72.8496434,4.1536,0.83,931.8415,499.6855,70.4673,17791092.87,1779.109287,17561281.09,1756.128109,2026-08-12 16:50:32
300308.SZ,中际旭创,AI硬件,光模块,S,CN,1,20260812,880.13,936.8,876.01,921.0,886.96,34.04,3.8378,310728.73,28408443.4932,284.084434932,2.7995,0.6,99.7777,72.0673,30.2729,107732565.87,10773.256587,102225455.58,10222.545558,2026-08-12 16:50:32
300502.SZ,新易盛,AI硬件,光模块,S,CN,1,20260812,410.01,441.8,409.5,428.2,415.3,12.9,3.1062,437323.45,18751553.8095,187.515538095,3.4868,0.7,62.6338,55.5905,29.2963,59702071.894,5970.2071894,53706693.824,5370.6693824,2026-08-12 16:50:32
300476.SZ,胜宏科技,AI硬件,PCB,S,CN,1,20260812,276.0,281.6,272.0,279.39,274.53,4.86,1.7703,397807.52,11038953.8031,110.38953803099999,4.5979,0.62,63.6783,58.6739,15.7767,27458024.5272,2745.80245272,24172680.3111,2417.26803111,2026-08-12 16:50:32
002463.SZ,沪电股份,AI硬件,PCB,S,CN,1,20260812,121.0,123.86,120.0,123.01,121.0,2.01,1.6612,374643.24,4581168.87462,45.8116887462,1.9484,0.59,61.9301,55.0256,14.0987,23671596.6436,2367.1596643599996,23652491.9605,2365.2491960499997,2026-08-12 16:50:32
002916.SZ,深南电路,AI硬件,PCB,S,CN,1,20260812,380.7,394.18,377.0,385.8,380.7,5.1,1.3396,93831.98,3622899.07644,36.2289907644,1.4114,0.76,80.2244,72.305,14.5267,26279407.428,2627.9407428,25648350.51,2564.835051,2026-08-12 16:50:32
688183.SH,生益电子,AI硬件,PCB,A,CN,1,20260812,110.81,114.21,110.44,111.9,111.08,0.82,0.7382,123181.92,1380005.974,13.80005974,1.4707,0.72,63.6232,54.5656,15.2888,9372645.528,937.2645528,9372645.528,937.2645528,2026-08-12 16:50:32
688256.SH,寒武纪,AI芯片,GPU,S,CN,1,20260812,1095.98,1134.55,1092.0,1105.38,1090.64,14.74,1.3515,103077.38,11460557.563,114.60557562999999,1.6406,0.64,337.2634,208.4305,51.2343,69450251.634,6945.025163400001,69450251.634,6945.025163400001,2026-08-12 16:50:32
300474.SZ,景嘉微,AI芯片,GPU,A,CN,1,20260812,53.11,54.28,52.8,53.61,53.12,0.49,0.9224,87820.58,468564.28942,4.6856428942,2.1605,0.93,,,4.1068,2801762.0673,280.17620673000005,2179107.6501,217.91076501000003,2026-08-12 16:50:32
688041.SH,海光信息,AI芯片,GPU,S,CN,1,20260812,289.05,290.5,283.59,287.66,287.01,0.65,0.2265,133994.3,3849672.15,38.4967215,0.5765,0.73,262.73,245.2666,28.4551,66861909.7846,6686.190978459999,66861909.7846,6686.190978459999,2026-08-12 16:50:32
688012.SH,中微公司,半导体设备,刻蚀,S,CN,1,20260812,370.0,385.91,367.47,380.95,363.1,17.85,4.916,261252.91,9901701.101,99.01701101,2.7728,0.87,172.813,133.7143,15.0103,36489002.4185,3648.90024185,35892994.715,3589.2994715000004,2026-08-12 16:50:32
688120.SH,华海清科,半导体设备,CMP,A,CN,1,20260812,269.91,273.6,265.38,273.33,268.33,5.0,1.8634,110881.97,2989737.372,29.89737372,2.2343,0.7,125.1689,123.5852,17.5691,13564859.5062,1356.48595062,13564859.5062,1356.48595062,2026-08-12 16:50:32
002371.SZ,北方华创,半导体设备,设备,S,CN,1,20260812,752.0,767.99,746.95,760.0,746.1,13.9,1.863,64962.35,4933279.96633,49.3327996633,0.8959,0.67,99.8777,98.9099,14.0357,55152379.2,5515.2379200000005,55108348.448,5510.8348448,2026-08-12 16:50:32
688072.SH,拓荆科技,半导体设备,CVD,S,CN,1,20260812,708.0,718.95,695.0,703.03,700.0,3.03,0.4329,67648.48,4773929.0,47.73929,2.393,0.85,220.5192,124.2847,28.1979,20435605.737,2043.5605737,19874165.979,1987.4165979,2026-08-12 16:50:32
688008.SH,澜起科技,存储,DDR5,S,CN,1,20260812,209.1,217.22,207.58,215.43,206.7,8.73,4.2235,442238.07,9439631.63,94.39631630000001,3.8631,0.93,117.6168,102.8067,12.6137,26294050.134,2629.4050134,24661661.6235,2466.16616235,2026-08-12 16:50:32
603986.SH,兆易创新,存储,Flash,S,CN,1,20260812,408.02,419.95,401.68,413.17,402.29,10.88,2.7045,456116.49,18748833.166,187.48833166,6.8231,0.73,175.932,100.8613,11.4722,28993998.165,2899.3998165,27620079.8323,2762.00798323,2026-08-12 16:50:32
300223.SZ,北京君正,存储,DRAM,A,CN,1,20260812,139.25,143.0,137.25,140.57,137.86,2.71,1.9658,294079.06,4130284.80181,41.3028480181,6.9533,0.69,180.7124,109.4297,5.3469,6798870.0069,679.88700069,5945175.7597,594.51757597,2026-08-12 16:50:32
301308.SZ,江波龙,存储,NAND,A,CN,1,20260812,418.05,423.62,401.5,414.3,417.5,-3.2,-0.7665,203457.84,8383309.86908,83.8330986908,7.2186,0.8,123.1465,14.624,9.4322,17527417.23,1752.741723,11677124.217,1167.7124217,2026-08-12 16:50:32
300024.SZ,机器人,机器人,机器人,A,CN,1,20260812,15.85,15.93,15.74,15.84,16.0,-0.16,-1.0,316330.06,501444.9876,5.014449876,2.021,0.67,,,6.1291,2479941.9216,247.99419216,2479260.4848,247.92604848000002,2026-08-12 16:50:32
601689.SH,拓普集团,机器人,执行器,S,CN,1,20260812,50.78,51.08,50.03,50.3,50.93,-0.63,-1.237,229651.89,1159712.696,11.59712696,1.3215,0.83,31.4541,31.6095,3.5551,8741313.068,874.1313068,8741313.068,874.1313068,2026-08-12 16:50:32
300124.SZ,汇川技术,机器人,工业自动化,S,CN,1,20260812,64.01,64.25,63.0,63.15,63.97,-0.82,-1.2819,203954.42,1292155.15715,12.9215515715,0.8462,0.8,33.8584,36.068,4.6997,17098518.6285,1709.8518628499999,15221137.3305,1522.1137330499998,2026-08-12 16:50:32
002050.SZ,三花智控,机器人,热管理,S,CN,1,20260812,39.71,39.72,39.1,39.17,39.7,-0.53,-1.335,513122.14,2014998.73028,20.1499873028,1.3902,0.72,40.5691,40.3288,5.0518,16482790.4463,1648.27904463,14457823.265,1445.7823265,2026-08-12 16:50:32
002747.SZ,埃斯顿,机器人,工业机器人,S,CN,1,20260812,35.61,35.65,34.64,34.71,36.12,-1.41,-3.9037,772192.34,2694307.5709,26.943075709000002,9.8691,0.91,746.9567,258.047,10.3751,3359228.5935,335.92285935,2715832.5792,271.58325792,2026-08-12 16:50:32
002837.SZ,英维克,液冷,液冷,S,CN,1,20260812,54.93,57.29,54.16,56.01,54.68,1.33,2.4323,395151.52,2215580.90635,22.155809063499998,3.4955,0.95,136.7586,147.9112,20.6184,7137632.1096,713.76321096,6331695.8181,633.16958181,2026-08-12 16:50:32
300499.SZ,高澜股份,液冷,液冷,A,CN,1,20260812,28.39,29.13,28.01,28.73,28.29,0.44,1.5553,167249.28,480422.37403,4.8042237403,6.1623,0.85,308.9795,287.2236,6.2984,876979.2278,87.69792278,779756.3332,77.97563332,2026-08-12 16:50:32
301018.SZ,申菱环境,液冷,温控,A,CN,1,20260812,91.5,94.5,88.91,91.85,91.5,0.35,0.3825,167095.45,1534136.27983,15.341362798299999,5.9081,0.88,158.5856,180.0374,12.4571,3437773.7405,343.77737405,2597728.3365,259.77283365,2026-08-12 16:50:32
002028.SZ,思源电气,电力,电网,S,CN,1,20260812,162.93,166.99,162.01,165.89,162.92,2.97,1.823,67438.06,1114519.78239,11.1451978239,1.1041,0.74,41.2112,39.9008,8.0546,12982108.4737,1298.21084737,10132652.4395,1013.26524395,2026-08-12 16:50:32
600312.SH,平高电气,电力,开关设备,S,CN,1,20260812,19.75,20.04,19.72,19.87,19.79,0.08,0.4042,120730.5,240202.178,2.40202178,0.8897,0.46,24.0768,22.9214,2.3108,2696202.6231,269.62026231,2696202.6231,269.62026231,2026-08-12 16:50:32
601179.SH,中国西电,电力,特高压,S,CN,1,20260812,13.84,13.87,13.67,13.79,13.8,-0.01,-0.0725,914322.29,1258787.808,12.58787808,1.7837,0.53,55.6722,53.4935,3.0268,7068591.8296,706.85918296,7068591.8296,706.85918296,2026-08-12 16:50:32
600089.SH,特变电工,电力,变压器,S,CN,1,20260812,21.35,21.49,21.26,21.34,21.38,-0.04,-0.1871,630382.14,1345141.582,13.45141582,1.2476,0.6,18.109,17.4798,1.4985,10782659.4084,1078.26594084,10782659.4084,1078.26594084,2026-08-12 16:50:32
